<?xml version="1.0" encoding="UTF-8"?>
<project default="page" name="wizards.acceleo">
    <property name="ECLIPSE_HOME" value="../../../../../../opt/eclipse"/>
    <property name="ECLIPSE_WORKSPACE" value="../.."/>

    <!-- The classpath with only the dependencies used by the project -->
    <path id="wizards.acceleo.libraryclasspath">
        <pathelement location="${ECLIPSE_WORKSPACE}/wizards.acceleo/bin"/>
        <pathelement location="${ECLIPSE_HOME}/plugins/org.eclipse.justj.openjdk.hotspot.jre.full.linux.x86_64_17.0.4.v20220903-1038/jre/lib/jrt-fs.jar"/>
        <pathelement location="${ECLIPSE_HOME}/plugins/org.eclipse.core.runtime_3.26.0.v20220813-0916.jar"/>
        <pathelement location="${ECLIPSE_HOME}/plugins/org.eclipse.osgi_3.18.100.v20220817-1601.jar"/>
        <pathelement location="${ECLIPSE_HOME}/plugins/org.eclipse.osgi.compatibility.state_1.2.700.v20220722-0431.jar"/>
        <pathelement location="${ECLIPSE_HOME}/plugins/org.eclipse.equinox.common_3.16.200.v20220817-1601.jar"/>
        <pathelement location="${ECLIPSE_HOME}/plugins/org.eclipse.core.jobs_3.13.100.v20220817-1539.jar"/>
        <pathelement location="${ECLIPSE_HOME}/plugins/org.eclipse.equinox.registry_3.11.200.v20220817-1601.jar"/>
        <pathelement location="${ECLIPSE_HOME}/plugins/org.eclipse.equinox.preferences_3.10.100.v20220710-1223.jar"/>
        <pathelement location="${ECLIPSE_HOME}/plugins/org.osgi.service.prefs_1.1.2.202109301733.jar"/>
        <pathelement location="${ECLIPSE_HOME}/plugins/org.eclipse.core.contenttype_3.8.200.v20220817-1539.jar"/>
        <pathelement location="${ECLIPSE_HOME}/plugins/org.eclipse.equinox.app_1.6.200.v20220720-2012.jar"/>
        <pathelement location="${ECLIPSE_HOME}/plugins/org.eclipse.emf.ecore_2.28.0.v20220817-1401.jar"/>
        <pathelement location="${ECLIPSE_HOME}/plugins/org.eclipse.emf.common_2.26.0.v20220817-1401.jar"/>
        <pathelement location="${ECLIPSE_HOME}/plugins/org.eclipse.emf.ecore.xmi_2.17.0.v20220817-1334.jar"/>
        <pathelement location="${ECLIPSE_HOME}/plugins/com.google.guava_30.1.0.v20210127-2300.jar"/>
        <pathelement location="${ECLIPSE_HOME}/plugins/org.eclipse.jdt.annotation_2.2.700.v20220826-1026.jar"/>
        <pathelement location="${ECLIPSE_HOME}/plugins/org.eclipse.emf.edit_2.17.0.v20220201-1551.jar"/>
        <pathelement location="${ECLIPSE_HOME}/plugins/org.eclipse.emf.ecore.change_2.14.0.v20190528-0725.jar"/>
    </path>

    <path id="wizards.acceleo.classpath">
        <path refid="wizards.acceleo.libraryclasspath"/>
    </path>

    <!-- The classpath with only the jars available in the plugin folder of Eclipse -->
    <path id="wizards.acceleo.libraryclasspath.alljars">
        <pathelement location="../wizards.acceleo/bin"/>
        <fileset dir="${ECLIPSE_HOME}/plugins/" includes="*.jar"/>
    </path>

    <path id="wizards.acceleo.classpath.alljars">
        <path refid="wizards.acceleo.libraryclasspath.alljars"/>
    </path>

    <!-- The default task with the jars used by this project -->
    <target name="page">
        <java classname="wizards.acceleo.main.Page" classpathref="wizards.acceleo.classpath">
            <arg value="${model}"/>
            <arg value="${target}"/>
        </java>
    </target>

    <!--
        In case of problem you can also try with all the jar available in your Eclipse
        Keep in mind that having two versions of the same jar can create problems
    -->
    <target name="page.alljars">
        <java classname="wizards.acceleo.main.Page" classpathref="wizards.acceleo.classpath">
            <arg value="${model}"/>
            <arg value="${target}"/>
        </java>
    </target>
</project>
